id,userid,login_date
1,1,01-01-2019
2,2,02-01-2019
3,3,03-01-2019
4,4,04-01-2019
5,5,05-01-2019
6,6,06-01-2019
7,7,07-01-2019
8,8,08-01-2019
9,68,08-01-2019
10,9,09-01-2019
11,10,10-01-2019
12,1,01-02-2019
13,2,02-02-2019
14,3,03-02-2019
15,4,04-02-2019
16,5,05-02-2019
17,6,06-02-2019
18,7,07-02-2019
19,8,08-02-2019
20,9,09-02-2019
21,10,10-02-2019
22,1,01-03-2019
23,2,02-03-2019
24,3,03-03-2019
25,4,04-03-2019
26,5,05-03-2019
27,6,06-03-2019
28,7,07-03-2019
29,8,08-03-2019
30,9,09-03-2019
31,10,10-03-2019
32,1,01-01-2020
33,2,02-01-2020
34,3,03-01-2020
35,4,04-01-2020
36,5,05-01-2020
37,6,06-01-2020
38,7,07-01-2020
39,8,08-01-2020
40,9,09-01-2020
41,10,10-01-2020
42,11,11-01-2020
43,12,12-01-2020
44,13,13-01-2020
45,14,14-01-2020
46,15,15-01-2020
47,16,16-01-2020
48,17,17-01-2020
49,18,18-01-2020
50,19,19-01-2020
51,20,20-01-2020
52,21,21-01-2020
53,22,22-01-2020
54,23,23-01-2020
55,24,24-01-2020
56,25,25-01-2020
57,26,26-01-2020
58,27,27-01-2020
59,28,28-01-2020
60,29,29-01-2020
61,30,30-01-2020
62,31,31-01-2020
63,32,01-02-2020
64,33,02-02-2020
65,34,03-02-2020
66,35,04-02-2020
67,36,05-02-2020
68,37,06-02-2020
69,38,07-02-2020
70,39,08-02-2020
71,40,09-02-2020
72,41,10-02-2020
73,42,11-02-2020
74,43,12-02-2020
75,44,13-02-2020
76,45,14-02-2020
77,46,15-02-2020
78,47,16-02-2020
79,48,17-02-2020
80,49,18-02-2020
81,50,19-02-2020
82,1,20-02-2020
83,2,21-02-2020
84,3,22-02-2020
85,4,23-02-2020
86,5,24-02-2020
87,6,25-02-2020
88,7,26-02-2020
89,8,27-02-2020
90,9,28-02-2020
91,10,29-02-2020
92,11,01-03-2020
93,12,02-03-2020
94,13,03-03-2020
95,14,04-03-2020
96,15,05-03-2020
97,16,06-03-2020
98,17,07-03-2020
99,18,08-03-2020
100,19,09-03-2020
101,20,10-03-2020
102,21,11-03-2020
103,22,12-03-2020
104,23,13-03-2020
105,24,14-03-2020
106,25,15-03-2020
107,26,16-03-2020
108,27,17-03-2020
109,28,18-03-2020
110,29,19-03-2020
111,30,20-03-2020
112,31,21-03-2020
113,32,22-03-2020
114,33,23-03-2020
115,34,24-03-2020
116,35,25-03-2020
117,36,26-03-2020
118,37,27-03-2020
119,38,28-03-2020
120,39,29-03-2020
121,40,30-03-2020
122,41,31-03-2020
123,42,01-04-2020
124,43,02-04-2020
125,44,03-04-2020
126,45,04-04-2020
127,46,05-04-2020
128,47,06-04-2020
129,48,07-04-2020
130,49,08-04-2020
131,50,09-04-2020
132,1,10-04-2020
133,2,11-04-2020
134,3,12-04-2020
135,4,13-04-2020
136,5,14-04-2020
137,6,15-04-2020
138,7,16-04-2020
139,8,17-04-2020
140,9,18-04-2020
141,10,19-04-2020
142,11,20-04-2020
143,12,21-04-2020
144,13,22-04-2020
145,14,23-04-2020
146,15,24-04-2020
147,16,25-04-2020
148,17,26-04-2020
149,18,27-04-2020
150,19,28-04-2020
151,20,29-04-2020
152,21,30-04-2020
153,22,01-05-2020
154,23,02-05-2020
155,24,03-05-2020
156,25,04-05-2020
157,26,05-05-2020
158,27,06-05-2020
159,28,07-05-2020
160,29,08-05-2020
161,30,09-05-2020
162,31,10-05-2020
163,32,11-05-2020
164,33,12-05-2020
165,34,13-05-2020
166,35,14-05-2020
167,36,15-05-2020
168,37,16-05-2020
169,38,17-05-2020
170,39,18-05-2020
171,40,19-05-2020
172,41,20-05-2020
173,42,21-05-2020
174,43,22-05-2020
175,44,23-05-2020
176,45,24-05-2020
177,46,25-05-2020
178,47,26-05-2020
179,48,27-05-2020
180,49,28-05-2020
181,50,29-05-2020
182,1,30-05-2020
183,2,31-05-2020
184,3,01-06-2020
185,4,02-06-2020
186,5,03-06-2020
187,6,04-06-2020
188,7,05-06-2020
189,8,06-06-2020
190,9,07-06-2020
191,10,08-06-2020
192,11,09-06-2020
193,12,10-06-2020
194,13,11-06-2020
195,14,12-06-2020
196,15,13-06-2020
197,16,14-06-2020
198,17,15-06-2020
199,18,16-06-2020
200,19,17-06-2020
201,20,18-06-2020
202,21,19-06-2020
203,22,20-06-2020
204,23,21-06-2020
205,24,22-06-2020
206,25,23-06-2020
207,26,24-06-2020
208,27,25-06-2020
209,28,26-06-2020
210,29,27-06-2020
211,30,28-06-2020
212,31,29-06-2020
213,32,30-06-2020
214,33,01-07-2020
215,34,02-07-2020
216,35,03-07-2020
217,36,04-07-2020
218,37,05-07-2020
219,38,06-07-2020
220,39,07-07-2020
221,40,08-07-2020
222,41,09-07-2020
223,42,10-07-2020
224,43,11-07-2020
225,44,12-07-2020
226,45,13-07-2020
227,46,14-07-2020
228,47,15-07-2020
229,48,16-07-2020
230,49,17-07-2020
231,50,18-07-2020
232,1,19-07-2020
233,2,20-07-2020
234,3,21-07-2020
235,4,22-07-2020
236,5,23-07-2020
237,6,24-07-2020
238,7,25-07-2020
239,8,26-07-2020
240,9,27-07-2020
241,10,28-07-2020
242,11,29-07-2020
243,12,30-07-2020
244,13,31-07-2020
245,14,01-08-2020
246,15,02-08-2020
247,16,03-08-2020
248,17,04-08-2020
249,18,05-08-2020
250,19,06-08-2020
251,20,07-08-2020
252,21,08-08-2020
253,22,09-08-2020
254,23,10-08-2020
255,24,11-08-2020
256,25,12-08-2020
257,26,13-08-2020
258,27,14-08-2020
259,28,15-08-2020
260,29,16-08-2020
261,30,17-08-2020
262,31,18-08-2020
263,32,19-08-2020
264,33,20-08-2020
265,34,21-08-2020
266,35,22-08-2020
267,36,23-08-2020
268,37,24-08-2020
269,38,25-08-2020
270,39,26-08-2020
271,40,27-08-2020
272,41,28-08-2020
273,42,29-08-2020
274,43,30-08-2020
275,44,31-08-2020
276,45,01-09-2020
277,46,02-09-2020
278,47,03-09-2020
279,48,04-09-2020
280,49,05-09-2020
281,50,06-09-2020
282,1,01-01-2021
283,2,02-01-2021
284,3,03-01-2021
285,4,04-01-2021
286,5,05-01-2021
287,6,06-01-2021
288,7,07-01-2021
289,8,08-01-2021
290,9,09-01-2021
291,10,10-01-2021
292,11,11-01-2021
293,12,12-01-2021
294,13,13-01-2021
295,14,14-01-2021
296,15,15-01-2021
297,16,16-01-2021
298,17,17-01-2021
299,18,18-01-2021
300,19,19-01-2021
301,20,20-01-2021
302,21,21-01-2021
303,22,22-01-2021
304,23,23-01-2021
305,24,24-01-2021
306,25,25-01-2021
307,26,26-01-2021
308,27,27-01-2021
309,28,28-01-2021
310,29,29-01-2021
311,30,30-01-2021
312,31,31-01-2021
313,32,01-02-2021
314,33,02-02-2021
315,34,03-02-2021
316,35,04-02-2021
317,36,05-02-2021
318,37,06-02-2021
319,38,07-02-2021
320,39,08-02-2021
321,40,09-02-2021
322,41,10-02-2021
323,42,11-02-2021
324,43,12-02-2021
325,44,13-02-2021
326,45,14-02-2021
327,46,15-02-2021
328,47,16-02-2021
329,48,17-02-2021
330,49,18-02-2021
331,50,19-02-2021
332,1,20-02-2021
333,2,21-02-2021
334,3,22-02-2021
335,4,23-02-2021
336,5,24-02-2021
337,6,25-02-2021
338,7,26-02-2021
339,8,27-02-2021
340,9,28-02-2021
341,10,01-03-2021
342,11,02-03-2021
343,12,03-03-2021
344,13,04-03-2021
345,14,05-03-2021
346,15,06-03-2021
347,16,07-03-2021
348,17,08-03-2021
349,18,09-03-2021
350,19,10-03-2021
351,20,11-03-2021
352,21,12-03-2021
353,22,13-03-2021
354,23,14-03-2021
355,24,15-03-2021
356,25,16-03-2021
357,26,17-03-2021
358,27,18-03-2021
359,28,19-03-2021
360,29,20-03-2021
361,30,21-03-2021
362,31,22-03-2021
363,32,23-03-2021
364,33,24-03-2021
365,34,25-03-2021
366,35,26-03-2021
367,36,27-03-2021
368,37,28-03-2021
369,38,29-03-2021
370,39,30-03-2021
371,40,31-03-2021
372,41,01-04-2021
373,42,02-04-2021
374,43,03-04-2021
375,44,04-04-2021
376,45,05-04-2021
377,46,06-04-2021
378,47,07-04-2021
379,48,08-04-2021
380,49,09-04-2021
381,50,10-04-2021
382,1,11-04-2021
383,2,12-04-2021
384,3,13-04-2021
385,4,14-04-2021
386,5,15-04-2021
387,6,16-04-2021
388,7,17-04-2021
389,8,18-04-2021
390,9,19-04-2021
391,10,20-04-2021
392,11,21-04-2021
393,12,22-04-2021
394,13,23-04-2021
395,14,24-04-2021
396,15,25-04-2021
397,16,26-04-2021
398,17,27-04-2021
399,18,28-04-2021
400,19,29-04-2021
401,20,30-04-2021
402,21,01-05-2021
403,22,02-05-2021
404,23,03-05-2021
405,24,04-05-2021
406,25,05-05-2021
407,26,06-05-2021
408,27,07-05-2021
409,28,08-05-2021
410,29,09-05-2021
411,30,10-05-2021
412,31,11-05-2021
413,32,12-05-2021
414,33,13-05-2021
415,34,14-05-2021
416,35,15-05-2021
417,36,16-05-2021
418,37,17-05-2021
419,38,18-05-2021
420,39,19-05-2021
421,40,20-05-2021
422,41,21-05-2021
423,42,22-05-2021
424,43,23-05-2021
425,44,24-05-2021
426,45,25-05-2021
427,46,26-05-2021
428,47,27-05-2021
429,48,28-05-2021
430,49,29-05-2021
431,50,30-05-2021
432,1,31-05-2021
433,2,01-06-2021
434,3,02-06-2021
435,4,03-06-2021
436,5,04-06-2021
437,6,05-06-2021
438,7,06-06-2021
439,8,07-06-2021
440,9,08-06-2021
441,10,09-06-2021
442,11,10-06-2021
443,12,11-06-2021
444,13,12-06-2021
445,14,13-06-2021
446,15,14-06-2021
447,16,15-06-2021
448,17,16-06-2021
449,18,17-06-2021
450,19,18-06-2021
451,20,19-06-2021
452,21,20-06-2021
453,22,21-06-2021
454,23,22-06-2021
455,24,23-06-2021
456,25,24-06-2021
457,26,25-06-2021
458,27,26-06-2021
459,28,27-06-2021
460,29,28-06-2021
461,30,29-06-2021
462,31,30-06-2021
463,32,01-07-2021
464,33,02-07-2021
465,34,03-07-2021
466,35,04-07-2021
467,36,05-07-2021
468,37,06-07-2021
469,38,07-07-2021
470,39,08-07-2021
471,40,09-07-2021
472,41,10-07-2021
473,42,11-07-2021
474,43,12-07-2021
475,44,13-07-2021
476,45,14-07-2021
477,46,15-07-2021
478,47,16-07-2021
479,48,17-07-2021
480,49,18-07-2021
481,50,19-07-2021
482,1,20-07-2021
483,2,21-07-2021
484,3,22-07-2021
485,4,23-07-2021
486,5,24-07-2021
487,6,25-07-2021
488,7,26-07-2021
489,8,27-07-2021
490,9,28-07-2021
491,10,29-07-2021
492,11,30-07-2021
493,12,31-07-2021
494,13,01-08-2021
495,14,02-08-2021
496,15,03-08-2021
497,16,04-08-2021
498,17,05-08-2021
499,18,06-08-2021
500,19,07-08-2021
501,20,08-08-2021
502,21,09-08-2021
503,22,10-08-2021
504,23,11-08-2021
505,24,12-08-2021
506,25,13-08-2021
507,26,14-08-2021
508,27,15-08-2021
509,28,16-08-2021
510,29,17-08-2021
511,30,18-08-2021
512,31,19-08-2021
513,32,20-08-2021
514,33,21-08-2021
515,34,22-08-2021
516,35,23-08-2021
517,36,24-08-2021
518,37,25-08-2021
519,38,26-08-2021
520,39,27-08-2021
521,40,28-08-2021
522,41,29-08-2021
523,42,30-08-2021
524,43,31-08-2021
525,44,01-09-2021
526,45,02-09-2021
527,46,03-09-2021
528,47,04-09-2021
529,48,05-09-2021
530,49,06-09-2021
531,50,07-09-2021
532,1,08-09-2021
533,2,09-09-2021
534,3,10-09-2021
535,4,11-09-2021
536,5,12-09-2021
537,6,13-09-2021
538,7,14-09-2021
539,8,15-09-2021
540,9,16-09-2021
541,10,17-09-2021
542,11,18-09-2021
543,12,19-09-2021
544,13,20-09-2021
545,14,21-09-2021
546,15,22-09-2021
547,16,23-09-2021
548,17,24-09-2021
549,18,25-09-2021
550,19,26-09-2021
551,20,27-09-2021
552,21,28-09-2021
553,22,29-09-2021
554,23,30-09-2021
555,24,01-10-2021
556,25,02-10-2021
557,26,03-10-2021
558,27,04-10-2021
559,28,05-10-2021
560,29,06-10-2021
561,30,07-10-2021
562,31,08-10-2021
563,32,09-10-2021
564,33,10-10-2021
565,34,11-10-2021
566,35,12-10-2021
567,36,13-10-2021
568,37,14-10-2021
569,38,15-10-2021
570,39,16-10-2021
571,40,17-10-2021
572,41,18-10-2021
573,42,19-10-2021
574,43,20-10-2021
575,44,21-10-2021
576,45,22-10-2021
577,46,23-10-2021
578,47,24-10-2021
579,48,25-10-2021
580,49,26-10-2021
581,50,27-10-2021
582,1,28-10-2021
583,2,29-10-2021
584,3,30-10-2021
585,4,31-10-2021
586,5,01-11-2021
587,6,02-11-2021
588,7,03-11-2021
589,8,04-11-2021
590,9,05-11-2021
591,10,06-11-2021
592,11,07-11-2021
593,12,08-11-2021
594,13,09-11-2021
595,14,10-11-2021
596,15,11-11-2021
597,16,12-11-2021
598,17,13-11-2021
599,18,14-11-2021
600,19,15-11-2021
601,1,16-11-2021
602,2,17-11-2021
603,3,18-11-2021
604,4,19-11-2021
605,5,20-11-2021
606,6,21-11-2021
607,7,22-11-2021
608,8,23-11-2021
609,9,24-11-2021
610,10,25-11-2021
611,11,26-11-2021
612,12,27-11-2021
613,13,28-11-2021
614,14,29-11-2021
615,15,30-11-2021
616,16,01-12-2021
617,17,02-12-2021
618,18,03-12-2021
619,19,04-12-2021
620,20,05-12-2021
621,21,06-12-2021
622,22,07-12-2021
623,23,08-12-2021
624,24,09-12-2021
625,25,10-12-2021
626,26,11-12-2021
627,27,12-12-2021
628,28,13-12-2021
629,29,14-12-2021
630,30,15-12-2021
631,31,16-12-2021
632,32,17-12-2021
633,33,18-12-2021
634,34,19-12-2021
635,35,20-12-2021
636,36,21-12-2021
637,37,22-12-2021
638,38,23-12-2021
639,39,24-12-2021
640,40,25-12-2021
641,41,26-12-2021
642,42,27-12-2021
643,43,28-12-2021
644,44,29-12-2021
645,45,30-12-2021
646,46,31-12-2021
647,47,01-01-2022
648,48,02-01-2022
649,49,03-01-2022
650,50,04-01-2022
651,1,05-01-2022
652,2,06-01-2022
653,3,07-01-2022
654,4,08-01-2022
655,5,09-01-2022
656,6,10-01-2022
657,7,11-01-2022
658,8,12-01-2022
659,9,13-01-2022
660,10,14-01-2022
661,11,15-01-2022
662,12,16-01-2022
663,13,17-01-2022
664,14,18-01-2022
665,15,19-01-2022
666,16,20-01-2022
667,17,21-01-2022
668,18,22-01-2022
669,19,23-01-2022
670,1,24-01-2022
671,2,25-01-2022
672,3,26-01-2022
673,4,27-01-2022
674,5,28-01-2022
675,6,29-01-2022
676,7,30-01-2022
677,8,31-01-2022
678,9,01-02-2022
679,10,02-02-2022
680,11,03-02-2022
681,12,04-02-2022
682,13,05-02-2022
683,14,06-02-2022
684,15,07-02-2022
685,16,08-02-2022
686,17,09-02-2022
687,18,10-02-2022
688,19,11-02-2022
689,20,12-02-2022
690,21,13-02-2022
691,22,14-02-2022
692,23,15-02-2022
693,24,16-02-2022
694,25,17-02-2022
695,26,18-02-2022
696,27,19-02-2022
697,28,20-02-2022
698,29,21-02-2022
699,30,22-02-2022
700,31,23-02-2022
701,32,24-02-2022
702,33,25-02-2022
703,34,26-02-2022
704,35,27-02-2022
705,36,28-02-2022
706,37,01-03-2022
707,38,02-03-2022
708,39,03-03-2022
709,40,04-03-2022
710,41,05-03-2022
711,42,06-03-2022
712,43,07-03-2022
713,44,08-03-2022
714,45,09-03-2022
715,46,10-03-2022
716,47,11-03-2022
717,48,12-03-2022
718,49,13-03-2022
719,50,14-03-2022
720,1,15-03-2022
721,2,16-03-2022
722,3,17-03-2022
723,4,18-03-2022
724,5,19-03-2022
725,6,20-03-2022
726,7,21-03-2022
727,8,22-03-2022
728,9,23-03-2022
729,10,24-03-2022
730,11,25-03-2022
731,12,26-03-2022
732,13,27-03-2022
733,14,28-03-2022
734,15,29-03-2022
735,16,30-03-2022
736,17,31-03-2022
737,18,01-04-2022
738,19,02-04-2022
739,1,03-04-2022
740,2,04-04-2022
741,3,05-04-2022
742,4,06-04-2022
743,5,07-04-2022
744,6,08-04-2022
745,7,09-04-2022
746,8,10-04-2022
747,9,11-04-2022
748,10,12-04-2022
749,11,13-04-2022
750,12,14-04-2022
751,13,15-04-2022
752,14,16-04-2022
753,15,17-04-2022
754,16,18-04-2022
755,17,19-04-2022
756,18,20-04-2022
757,19,21-04-2022
758,20,22-04-2022
759,21,23-04-2022
760,22,24-04-2022
761,23,25-04-2022
762,24,26-04-2022
763,25,27-04-2022
764,26,28-04-2022
765,27,29-04-2022
766,28,30-04-2022
767,29,01-05-2022
768,30,02-05-2022
769,31,03-05-2022
770,32,04-05-2022
771,33,05-05-2022
772,34,06-05-2022
773,35,07-05-2022
774,36,08-05-2022
775,37,09-05-2022
776,38,10-05-2022
777,39,11-05-2022
778,40,12-05-2022
779,41,13-05-2022
780,42,14-05-2022
781,43,15-05-2022
782,44,16-05-2022
783,45,17-05-2022
784,46,18-05-2022
785,47,19-05-2022
786,48,20-05-2022
787,49,21-05-2022
788,50,22-05-2022
789,1,23-05-2022
790,2,24-05-2022
791,3,25-05-2022
792,4,26-05-2022
793,5,27-05-2022
794,6,28-05-2022
795,7,29-05-2022
796,8,30-05-2022
797,9,31-05-2022
798,10,01-06-2022
799,11,02-06-2022
800,12,03-06-2022
801,13,04-06-2022
802,14,05-06-2022
803,15,06-06-2022
804,16,07-06-2022
805,17,08-06-2022
806,18,09-06-2022
